{
  "token_acc":1.0,
  "token_p":1.0,
  "token_r":1.0,
  "token_f":1.0,
  "ents_p":0.8119692681,
  "ents_r":0.7729022325,
  "ents_f":0.7919542497,
  "ents_per_type":{
    "SKILL":{
      "p":0.8119692681,
      "r":0.7729022325,
      "f":0.7919542497
    }
  },
  "speed":6381.9022651408
}