{
  "token_acc":1.0,
  "token_p":1.0,
  "token_r":1.0,
  "token_f":1.0,
  "ents_p":0.8150630915,
  "ents_r":0.7956120092,
  "ents_f":0.8052201013,
  "ents_per_type":{
    "SKILL":{
      "p":0.8150630915,
      "r":0.7956120092,
      "f":0.8052201013
    }
  },
  "speed":5907.2878262408
}