{
  "token_acc":1.0,
  "token_p":1.0,
  "token_r":1.0,
  "token_f":1.0,
  "ents_p":0.7447935051,
  "ents_r":0.8121632025,
  "ents_f":0.7770208065,
  "ents_per_type":{
    "SKILL":{
      "p":0.7447935051,
      "r":0.8121632025,
      "f":0.7770208065
    }
  },
  "speed":5040.5214090665
}