{
  "token_acc":1.0,
  "token_p":1.0,
  "token_r":1.0,
  "token_f":1.0,
  "ents_p":0.8532681192,
  "ents_r":0.7386451116,
  "ents_f":0.7918299979,
  "ents_per_type":{
    "SKILL":{
      "p":0.8532681192,
      "r":0.7386451116,
      "f":0.7918299979
    }
  },
  "speed":36934.6083352117
}