{
  "token_acc":1.0,
  "token_p":1.0,
  "token_r":1.0,
  "token_f":1.0,
  "ents_p":0.8164883076,
  "ents_r":0.7929176289,
  "ents_f":0.8045303652,
  "ents_per_type":{
    "SKILL":{
      "p":0.8164883076,
      "r":0.7929176289,
      "f":0.8045303652
    }
  },
  "speed":6332.1722936966
}