{
  "token_acc":1.0,
  "token_p":1.0,
  "token_r":1.0,
  "token_f":1.0,
  "ents_p":0.6089914227,
  "ents_r":0.7925327175,
  "ents_f":0.6887439371,
  "ents_per_type":{
    "SKILL":{
      "p":0.6089914227,
      "r":0.7925327175,
      "f":0.6887439371
    }
  },
  "speed":6493.8456438412
}