{
  "token_acc":1.0,
  "token_p":1.0,
  "token_r":1.0,
  "token_f":1.0,
  "ents_p":0.8260869565,
  "ents_r":0.7532717475,
  "ents_f":0.7880008053,
  "ents_per_type":{
    "SKILL":{
      "p":0.8260869565,
      "r":0.7532717475,
      "f":0.7880008053
    }
  },
  "speed":5762.7964752094
}