{
  "token_acc":1.0,
  "token_p":1.0,
  "token_r":1.0,
  "token_f":1.0,
  "ents_p":0.7153744201,
  "ents_r":0.8310238645,
  "ents_f":0.7688746439,
  "ents_per_type":{
    "SKILL":{
      "p":0.7153744201,
      "r":0.8310238645,
      "f":0.7688746439
    }
  },
  "speed":36819.3300450546
}