{
  "token_acc":1.0,
  "token_p":1.0,
  "token_r":1.0,
  "token_f":1.0,
  "ents_p":0.615408805,
  "ents_r":0.7532717475,
  "ents_f":0.6773970232,
  "ents_per_type":{
    "SKILL":{
      "p":0.615408805,
      "r":0.7532717475,
      "f":0.6773970232
    }
  },
  "speed":36748.6794913543
}