{
  "token_acc":1.0,
  "token_p":1.0,
  "token_r":1.0,
  "token_f":1.0,
  "ents_p":0.8314176245,
  "ents_r":0.7517321016,
  "ents_f":0.789569436,
  "ents_per_type":{
    "SKILL":{
      "p":0.8314176245,
      "r":0.7517321016,
      "f":0.789569436
    }
  },
  "speed":34270.8318116322
}