{
  "token_acc":1.0,
  "token_p":1.0,
  "token_r":1.0,
  "token_f":1.0,
  "ents_p":0.7918303221,
  "ents_r":0.7759815242,
  "ents_f":0.7838258165,
  "ents_per_type":{
    "SKILL":{
      "p":0.7918303221,
      "r":0.7759815242,
      "f":0.7838258165
    }
  },
  "speed":37313.2802290265
}