{
  "token_acc":1.0,
  "token_p":1.0,
  "token_r":1.0,
  "token_f":1.0,
  "ents_p":0.635210396,
  "ents_r":0.7902232487,
  "ents_f":0.7042881647,
  "ents_per_type":{
    "SKILL":{
      "p":0.635210396,
      "r":0.7902232487,
      "f":0.7042881647
    }
  },
  "speed":6376.7990692839
}