{
  "token_acc":1.0,
  "token_p":1.0,
  "token_r":1.0,
  "token_f":1.0,
  "ents_p":0.7902287708,
  "ents_r":0.7844495766,
  "ents_f":0.7873285687,
  "ents_per_type":{
    "SKILL":{
      "p":0.7902287708,
      "r":0.7844495766,
      "f":0.7873285687
    }
  },
  "speed":6493.7738461957
}