{
  "token_acc":1.0,
  "token_p":1.0,
  "token_r":1.0,
  "token_f":1.0,
  "ents_p":0.921223355,
  "ents_r":0.7652040031,
  "ents_f":0.8359966358,
  "ents_per_type":{
    "SKILL":{
      "p":0.921223355,
      "r":0.7652040031,
      "f":0.8359966358
    }
  },
  "speed":79858.812031652
}