{
  "token_acc":1.0,
  "token_p":1.0,
  "token_r":1.0,
  "token_f":1.0,
  "ents_p":0.8381849315,
  "ents_r":0.753656659,
  "ents_f":0.7936765302,
  "ents_per_type":{
    "SKILL":{
      "p":0.8381849315,
      "r":0.753656659,
      "f":0.7936765302
    }
  },
  "speed":6465.1892902188
}