{
  "token_acc":1.0,
  "token_p":1.0,
  "token_r":1.0,
  "token_f":1.0,
  "ents_p":0.8362178134,
  "ents_r":0.7625096228,
  "ents_f":0.7976645863,
  "ents_per_type":{
    "SKILL":{
      "p":0.8362178134,
      "r":0.7625096228,
      "f":0.7976645863
    }
  },
  "speed":6421.0693780695
}