{
  "token_acc":1.0,
  "token_p":1.0,
  "token_r":1.0,
  "token_f":1.0,
  "ents_p":0.6349036403,
  "ents_r":0.9130100077,
  "ents_f":0.7489737922,
  "ents_per_type":{
    "SKILL":{
      "p":0.6349036403,
      "r":0.9130100077,
      "f":0.7489737922
    }
  },
  "speed":50047.4204032333
}